Instances,Run time,Objective value,Explored node,Gap,EPIs

sol_map100_N13_K3_run1	2.29	572.20 	11475 	0.0000	0 	0.000000 	2.9777	16.6328
sol_map100_N13_K3_run2	1.25	551.37 	13287 	0.0000	0 	0.000000 	10.4333	22.8886
sol_map100_N13_K3_run3	1.89	564.00 	14814 	0.0000	0 	0.000000 	6.0691	22.4496
sol_map100_N13_K3_run4	1.95	569.50 	26030 	0.0000	0 	0.000000 	6.9474	19.7395
sol_map100_N13_K3_run5	0.80	544.79 	7601 	0.0000	0 	0.000000 	5.7452	21.4662
sol_map100_N13_K3_run6	0.98	542.70 	11982 	0.0000	0 	0.000000 	9.9846	22.6968
sol_map100_N13_K3_run7	9.75	583.31 	105698 	0.0000	0 	0.000000 	15.3988	28.9766
sol_map100_N13_K3_run8	1.04	546.10 	11292 	0.0000	0 	0.000000 	6.7306	21.4525
sol_map100_N13_K3_run9	0.86	560.37 	8263 	0.0000	0 	0.000000 	14.5875	26.1924
sol_map100_N13_K3_run10	0.63	557.05 	4126 	0.0000	0 	0.000000 	12.9344	24.0054
sol_map100_N13_K3_run11	0.82	586.08 	11949 	0.0000	0 	0.000000 	4.0726	19.7693
sol_map100_N13_K3_run12	2.54	560.99 	28874 	0.0000	0 	2.129425 	16.5700	29.9521
sol_map100_N13_K3_run13	0.66	578.99 	5325 	0.0000	0 	0.000000 	8.6477	24.5922
sol_map100_N13_K3_run14	2.42	561.68 	13675 	0.0000	0 	0.000000 	16.9044	26.1977
sol_map100_N13_K3_run15	0.45	564.06 	2571 	0.0000	0 	0.000000 	6.7287	21.3117
sol_map100_N13_K3_run16	1.12	552.30 	13297 	0.0000	0 	0.000000 	4.4024	21.7502
sol_map100_N13_K3_run17	0.97	563.04 	11685 	0.0000	0 	0.000000 	5.4248	22.0568
sol_map100_N13_K3_run18	1.01	560.03 	6108 	0.0000	0 	0.000000 	3.8155	21.2242
sol_map100_N13_K3_run19	1.09	577.37 	11761 	0.0000	0 	0.000000 	13.7382	25.1440
sol_map100_N13_K3_run20	2.72	593.85 	25621 	0.0000	0 	0.000000 	29.7133	38.3560
sol_map100_N13_K3_run21	0.25	566.66 	647 	0.0000	0 	0.000000 	11.6035	26.4670
sol_map100_N13_K3_run22	0.14	555.74 	84 	0.0000	0 	2.504664 	1.7752	14.6807
sol_map100_N13_K3_run23	0.22	576.32 	94 	0.0000	0 	0.323969 	4.8032	17.7464
sol_map100_N13_K3_run24	0.41	548.24 	1422 	0.0000	0 	1.074438 	5.6729	21.7990
sol_map100_N13_K3_run25	0.14	561.20 	84 	0.0000	0 	0.000000 	1.0725	17.4085
sol_map100_N13_K3_run26	0.40	564.87 	215 	0.0000	0 	0.000000 	2.5240	18.7551
sol_map100_N13_K3_run27	0.59	545.44 	1870 	0.0000	0 	0.000000 	1.5807	18.6990
sol_map100_N13_K3_run28	0.14	559.59 	309 	0.0000	0 	0.522666 	2.6386	13.6871
sol_map100_N13_K3_run29	0.21	581.40 	1 	0.0000	0 	1.641767 	4.1942	20.6957
sol_map100_N13_K3_run30	0.08	591.26 	1 	0.0000	0 	0.000000 	0.0000	12.3551
sol_map100_N13_K3_run31	0.07	598.32 	21 	0.0000	0 	0.000000 	4.2595	15.0871
sol_map100_N13_K3_run32	0.07	596.66 	30 	0.0000	0 	0.000000 	9.7506	16.9511
sol_map100_N13_K3_run33	0.12	588.21 	106 	0.0000	0 	3.736381 	11.3470	26.4314
sol_map100_N13_K3_run34	0.52	545.45 	2554 	0.0000	0 	2.842748 	2.4217	14.7279
sol_map100_N13_K3_run35	0.28	552.65 	371 	0.0000	0 	0.000000 	2.2014	16.0275
sol_map100_N13_K3_run36	0.25	576.23 	1332 	0.0000	0 	0.000000 	6.8325	17.5311
sol_map100_N13_K3_run37	0.28	565.54 	864 	0.0000	0 	0.000000 	6.9258	22.8217
sol_map100_N13_K3_run38	0.29	561.22 	573 	0.0000	0 	0.000000 	5.3510	20.3358
sol_map100_N13_K3_run39	0.15	603.05 	555 	0.0000	0 	1.863221 	24.0572	34.9991
sol_map100_N13_K3_run40	0.48	543.00 	4927 	0.0000	0 	0.000000 	6.1195	20.1898
sol_map100_N13_K3_run41	0.21	547.30 	76 	0.0000	0 	0.000000 	2.6664	19.5410
sol_map100_N13_K3_run42	0.36	565.59 	1296 	0.0000	0 	3.013715 	8.5700	17.9138
sol_map100_N13_K3_run43	0.50	549.90 	4538 	0.0000	0 	0.412913 	4.6649	18.1654
sol_map100_N13_K3_run44	0.88	546.79 	9613 	0.0000	0 	0.372058 	11.0912	25.1203
sol_map100_N13_K3_run45	0.53	575.37 	5105 	0.0000	0 	0.899688 	24.9167	28.3536
sol_map100_N13_K3_run46	0.10	585.15 	73 	0.0000	0 	1.163592 	0.0000	14.1327
sol_map100_N13_K3_run47	0.58	551.18 	1487 	0.0000	0 	0.178778 	0.7494	16.3377
sol_map100_N13_K3_run48	0.17	569.84 	293 	0.0000	0 	1.479675 	3.7743	20.5611
sol_map100_N13_K3_run49	0.50	548.10 	5300 	0.0000	0 	0.459117 	10.8070	26.0674
sol_map100_N13_K3_run50	0.20	546.02 	201 	0.0000	0 	1.203708 	6.5949	20.3508
sol_map100_N15_K3_run1	2.55	532.06 	27123 	0.0000	0 	0.000000 	8.2963	23.8106
sol_map100_N15_K3_run2	1.45	575.18 	13893 	0.0000	0 	0.000000 	21.5730	30.7780
sol_map100_N15_K3_run3	3.04	532.59 	18644 	0.0000	0 	1.404146 	3.7224	19.6558
sol_map100_N15_K3_run4	54.00	547.52 	370288 	0.0000	0 	1.605958 	14.5392	27.2008
sol_map100_N15_K3_run5	1.44	579.99 	6287 	0.0000	0 	0.000000 	0.0000	10.1372
sol_map100_N15_K3_run6	5.75	540.37 	50474 	0.0000	0 	0.000000 	7.9109	23.4286
sol_map100_N15_K3_run7	17.10	549.04 	152724 	0.0000	0 	0.000000 	7.2599	23.6764
sol_map100_N15_K3_run8	2.83	563.23 	13398 	0.0000	0 	0.000000 	3.3237	17.1651
sol_map100_N15_K3_run9	3.10	555.22 	15973 	0.0000	0 	0.000000 	6.4417	22.4249
sol_map100_N15_K3_run10	3.20	548.68 	23687 	0.0001	0 	0.000000 	8.9702	21.5975
sol_map100_N15_K3_run11	3.86	548.58 	27564 	0.0000	0 	0.000000 	8.2691	22.7074
sol_map100_N15_K3_run12	4.43	560.85 	37283 	0.0000	0 	0.000000 	9.9337	23.6401
sol_map100_N15_K3_run13	17.25	531.79 	107016 	0.0000	0 	0.000000 	0.0000	16.2407
sol_map100_N15_K3_run14	50.06	542.64 	231282 	0.0000	0 	2.788752 	11.7216	26.5458
sol_map100_N15_K3_run15	5.56	606.44 	63728 	0.0000	0 	0.000000 	51.5243	39.4642
sol_map100_N15_K3_run16	3.29	545.54 	27194 	0.0000	0 	0.000000 	10.7353	24.5268
sol_map100_N15_K3_run17	11.94	556.25 	76963 	0.0000	0 	0.000000 	15.2812	29.0834
sol_map100_N15_K3_run18	3.38	549.04 	30006 	0.0000	0 	0.000000 	22.6437	31.7128
sol_map100_N15_K3_run19	2.79	577.75 	20882 	0.0000	0 	0.000000 	6.1329	19.7621
sol_map100_N15_K3_run20	9.10	539.37 	64224 	0.0000	0 	0.000000 	3.0464	19.6955
sol_map100_N15_K3_run21	0.44	555.02 	241 	0.0000	0 	0.391222 	1.1067	19.4867
sol_map100_N15_K3_run22	0.28	550.46 	590 	0.0000	0 	0.000000 	4.1292	20.2737
sol_map100_N15_K3_run23	0.76	535.36 	1434 	0.0000	0 	2.100431 	4.1967	21.0834
sol_map100_N15_K3_run24	4.44	552.12 	29110 	0.0000	0 	3.201391 	3.4792	20.2564
sol_map100_N15_K3_run25	1.00	538.03 	7236 	0.0000	0 	0.778007 	2.2392	19.3593
sol_map100_N15_K3_run26	0.85	586.90 	6471 	0.0000	0 	0.000000 	11.9366	22.3244
sol_map100_N15_K3_run27	0.17	586.74 	40 	0.0000	0 	0.000000 	0.0000	7.8359
sol_map100_N15_K3_run28	0.46	544.68 	47 	0.0000	0 	0.000000 	1.7154	18.3497
sol_map100_N15_K3_run29	0.94	561.95 	7019 	0.0000	0 	0.000000 	8.8608	19.3371
sol_map100_N15_K3_run30	0.56	562.54 	1680 	0.0000	0 	3.652163 	7.7772	23.7707
sol_map100_N15_K3_run31	1.31	570.05 	9322 	0.0000	0 	1.810467 	18.1414	26.1386
sol_map100_N15_K3_run32	0.19	556.66 	1 	0.0000	0 	1.481726 	1.0341	18.6502
sol_map100_N15_K3_run33	0.47	606.03 	788 	0.0000	0 	2.491946 	12.1143	21.3748
sol_map100_N15_K3_run34	0.17	654.26 	370 	0.0000	0 	0.000000 	67.9464	32.7546
sol_map100_N15_K3_run35	0.68	551.52 	1390 	0.0000	0 	2.143326 	3.9871	19.3800
sol_map100_N15_K3_run36	0.34	582.82 	1134 	0.0000	0 	0.000000 	10.5696	25.8262
sol_map100_N15_K3_run37	0.33	573.65 	1808 	0.0000	0 	0.000000 	3.2069	18.4543
sol_map100_N15_K3_run38	0.30	539.41 	210 	0.0000	0 	0.698975 	2.9918	19.1186
sol_map100_N15_K3_run39	0.42	557.52 	1535 	0.0000	0 	0.000000 	0.0000	14.8220
sol_map100_N15_K3_run40	0.82	545.25 	2440 	0.0000	0 	0.334580 	0.6565	19.0912
sol_map100_N15_K3_run41	0.92	585.80 	5807 	0.0000	0 	0.000000 	12.4090	21.2004
sol_map100_N15_K3_run42	0.12	585.52 	136 	0.0000	0 	0.000000 	7.3954	23.7677
sol_map100_N15_K3_run43	1.51	549.34 	14103 	0.0000	0 	0.400070 	3.3874	20.3145
sol_map100_N15_K3_run44	0.61	543.28 	3027 	0.0000	0 	0.000000 	0.4739	18.0342
sol_map100_N15_K3_run45	0.15	686.17 	276 	0.0000	0 	0.000000 	96.1227	36.1901
sol_map100_N15_K3_run46	0.90	544.94 	7375 	0.0000	0 	0.000000 	5.2368	22.3126
sol_map100_N15_K3_run47	0.12	612.97 	107 	0.0000	0 	2.721541 	22.9351	33.9958
sol_map100_N15_K3_run48	0.18	575.50 	99 	0.0000	0 	0.955718 	1.9793	20.1168
sol_map100_N15_K3_run49	1.62	540.77 	12720 	0.0000	0 	1.555024 	2.7140	19.9949
sol_map100_N15_K3_run50	0.46	543.05 	1896 	0.0000	0 	1.305964 	8.4500	21.2076
sol_map100_N17_K3_run1	5.98	505.38 	32063 	0.0000	0 	0.000000 	8.8167	23.7489
sol_map100_N17_K3_run2	16.28	550.35 	68789 	0.0000	0 	0.000000 	3.9257	20.4444
sol_map100_N17_K3_run3	233.23	542.17 	616442 	0.0000	0 	0.000000 	12.7981	27.4096
sol_map100_N17_K3_run4	6.86	555.19 	36168 	0.0000	0 	0.000000 	1.9912	19.2681
sol_map100_N17_K3_run5	5.14	560.12 	36360 	0.0000	0 	0.000000 	5.2533	19.3693
sol_map100_N17_K3_run6	33.06	566.77 	334072 	0.0000	0 	0.000000 	27.9464	34.0086
sol_map100_N17_K3_run7	27.95	543.29 	207228 	0.0000	0 	0.000000 	4.4208	21.7626
sol_map100_N17_K3_run8	61.03	550.66 	578965 	0.0000	0 	0.000000 	16.9911	30.2360
sol_map100_N17_K3_run9	8.10	523.30 	30277 	0.0000	0 	0.000000 	3.7647	20.7550
sol_map100_N17_K3_run10	54.15	529.29 	484742 	0.0000	0 	0.000000 	15.3731	29.1453
sol_map100_N17_K3_run11	94.29	542.71 	183633 	0.0000	0 	0.000000 	13.5692	22.1264
sol_map100_N17_K3_run12	25.99	529.54 	200508 	0.0000	0 	0.000000 	6.6201	23.1395
sol_map100_N17_K3_run13	13.03	541.06 	54786 	0.0000	0 	0.000000 	11.4533	22.2188
sol_map100_N17_K3_run14	38.09	528.83 	265751 	0.0000	0 	0.000000 	11.8489	24.4102
sol_map100_N17_K3_run15	76.94	579.55 	148766 	0.0000	0 	0.000000 	25.8456	32.0803
sol_map100_N17_K3_run16	2.27	524.91 	13862 	0.0000	0 	0.000000 	9.1011	24.1974
sol_map100_N17_K3_run17	20.54	556.06 	156980 	0.0000	0 	0.129152 	10.6604	25.9686
sol_map100_N17_K3_run18	4.81	513.48 	16242 	0.0000	0 	0.000000 	4.0327	20.4186
sol_map100_N17_K3_run19	103.66	517.53 	354692 	0.0000	0 	2.872400 	8.1545	24.2794
sol_map100_N17_K3_run20	9.97	540.88 	52347 	0.0000	0 	0.000000 	0.0000	16.2800
sol_map100_N17_K3_run21	0.41	594.94 	2128 	0.0000	0 	2.119451 	23.4167	30.5004
sol_map100_N17_K3_run22	0.34	544.70 	485 	0.0000	0 	0.830959 	14.1049	27.0718
sol_map100_N17_K3_run23	4.84	560.62 	31214 	0.0000	0 	1.045864 	23.7948	31.8579
sol_map100_N17_K3_run24	0.68	516.71 	1869 	0.0000	0 	1.396969 	4.7467	17.7019
sol_map100_N17_K3_run25	7.86	549.37 	47461 	0.0000	0 	2.875753 	9.0480	24.8817
sol_map100_N17_K3_run26	1.80	546.13 	13924 	0.0000	0 	0.000000 	6.1904	22.2081
sol_map100_N17_K3_run27	2.16	545.46 	10639 	0.0000	0 	1.701002 	14.0629	23.8926
sol_map100_N17_K3_run28	0.45	568.36 	1296 	0.0000	0 	2.401895 	17.7151	28.2617
sol_map100_N17_K3_run29	5.25	533.58 	28381 	0.0000	0 	1.387335 	7.0021	22.8946
sol_map100_N17_K3_run30	2.17	548.09 	14291 	0.0000	0 	1.370479 	5.0696	21.5680
sol_map100_N17_K3_run31	3.34	528.87 	16953 	0.0000	0 	1.546283 	9.9383	25.4818
sol_map100_N17_K3_run32	2.42	568.32 	16614 	0.0000	0 	0.000000 	8.3219	23.4153
sol_map100_N17_K3_run33	1.55	538.87 	11624 	0.0000	0 	0.494235 	10.6812	25.9826
sol_map100_N17_K3_run34	0.47	546.97 	474 	0.0000	0 	0.000000 	2.0254	19.6310
sol_map100_N17_K3_run35	5.31	538.64 	25058 	0.0000	0 	0.239046 	2.6136	19.3117
sol_map100_N17_K3_run36	0.51	546.91 	1563 	0.0000	0 	0.000000 	7.0850	21.7826
sol_map100_N17_K3_run37	0.73	543.66 	2135 	0.0000	0 	0.000000 	7.5792	20.4044
sol_map100_N17_K3_run38	2.02	552.78 	13974 	0.0000	0 	2.623809 	0.0000	16.5058
sol_map100_N17_K3_run39	4.28	539.74 	29857 	0.0000	0 	0.345252 	11.6631	25.8256
sol_map100_N17_K3_run40	0.51	549.14 	2105 	0.0000	0 	0.591593 	3.2059	19.6172
sol_map100_N17_K3_run41	0.57	543.38 	1329 	0.0000	0 	1.328853 	6.9627	23.4760
sol_map100_N17_K3_run42	3.56	565.34 	23337 	0.0000	0 	1.293364 	12.4844	21.2732
sol_map100_N17_K3_run43	0.27	563.57 	132 	0.0000	0 	1.455478 	9.0046	23.8784
sol_map100_N17_K3_run44	20.32	535.06 	101439 	0.0000	0 	2.824035 	5.6299	20.0115
sol_map100_N17_K3_run45	1.17	573.86 	11876 	0.0000	0 	0.284520 	10.6888	25.4742
sol_map100_N17_K3_run46	7.28	589.86 	48172 	0.0000	0 	1.862767 	41.6321	32.2251
sol_map100_N17_K3_run47	7.16	537.34 	34983 	0.0000	0 	1.892636 	8.7834	22.3289
sol_map100_N17_K3_run48	1.20	549.63 	4499 	0.0000	0 	1.741833 	13.5137	24.0732
sol_map100_N17_K3_run49	0.40	559.23 	969 	0.0000	0 	0.000000 	0.0000	16.5303
sol_map100_N17_K3_run50	0.37	571.90 	212 	0.0000	0 	0.000000 	1.0560	18.7205
sol_map100_N19_K3_run1	230.06	517.18 	1567192 	0.0000	0 	0.000000 	14.5132	27.3960
sol_map100_N19_K3_run2	295.04	518.26 	2146390 	0.0000	0 	0.000000 	14.3976	28.4878
sol_map100_N19_K3_run3	492.97	553.74 	918779 	0.0000	0 	0.000000 	18.5960	31.1391
sol_map100_N19_K3_run4	367.75	537.94 	1397748 	0.0000	0 	0.000000 	26.4441	28.6708
sol_map100_N19_K3_run5	5.78	538.48 	33953 	0.0000	0 	0.000000 	10.9769	26.1819
sol_map100_N19_K3_run6	1583.89	537.17 	3080377 	0.0000	0 	1.905400 	24.0756	33.4910
sol_map100_N19_K3_run7	197.45	563.54 	284571 	0.0000	0 	0.000000 	19.2254	31.3402
sol_map100_N19_K3_run8	6.55	521.82 	44615 	0.0000	0 	0.482214 	6.9834	23.4900
sol_map100_N19_K3_run9	7.50	526.91 	48818 	0.0000	0 	0.000000 	1.3246	18.6232
sol_map100_N19_K3_run10	174.63	554.36 	240127 	0.0000	0 	0.617316 	14.0463	28.2510
sol_map100_N19_K3_run11	594.71	530.10 	4438767 	0.0001	0 	0.662110 	15.9078	28.9644
sol_map100_N19_K3_run12	258.68	523.79 	1989543 	0.0000	0 	0.000000 	17.1253	30.3265
sol_map100_N19_K3_run13	319.55	552.85 	1080843 	0.0000	0 	0.000000 	44.2372	33.6970
sol_map100_N19_K3_run14	352.88	529.41 	783853 	0.0000	0 	1.410231 	19.4563	31.6046
sol_map100_N19_K3_run15	11.73	528.57 	52943 	0.0000	0 	0.000000 	3.6589	18.3542
sol_map100_N19_K3_run16	641.04	557.62 	1372398 	0.0000	0 	1.558507 	29.5910	37.5542
sol_map100_N19_K3_run17	208.02	532.53 	1568993 	0.0000	0 	0.000000 	8.3276	23.8207
sol_map100_N19_K3_run18	968.96	546.46 	6512423 	0.0000	0 	0.000000 	19.9235	31.5519
sol_map100_N19_K3_run19	71.18	535.88 	72297 	0.0000	0 	0.000000 	14.1596	28.3274
sol_map100_N19_K3_run20	6596.72	546.77 	17201670 	0.0000	0 	0.000000 	15.0683	28.9398
sol_map100_N19_K3_run21	6.20	545.50 	35542 	0.0000	0 	1.880798 	8.1229	24.2581
sol_map100_N19_K3_run22	0.77	571.88 	3912 	0.0000	0 	0.000000 	1.5053	18.5991
sol_map100_N19_K3_run23	5.33	587.80 	31626 	0.0000	0 	2.358717 	25.2229	35.7849
sol_map100_N19_K3_run24	3.20	539.19 	16550 	0.0000	0 	0.000000 	14.9452	24.2793
sol_map100_N19_K3_run25	7.55	560.15 	49100 	0.0000	0 	2.757610 	18.1701	25.1402
sol_map100_N19_K3_run26	5.15	544.03 	32187 	0.0000	0 	1.548470 	11.4456	26.4580
sol_map100_N19_K3_run27	11.53	521.93 	58598 	0.0000	0 	0.903341 	8.1727	21.7037
sol_map100_N19_K3_run28	5.94	542.61 	31233 	0.0000	0 	2.391733 	10.8364	25.7250
sol_map100_N19_K3_run29	35.40	528.39 	131417 	0.0000	0 	2.722892 	7.2411	18.1295
sol_map100_N19_K3_run30	4.14	543.77 	20574 	0.0000	0 	0.670487 	8.8152	24.6792
sol_map100_N19_K3_run31	13.55	544.84 	60770 	0.0000	0 	2.600439 	14.2855	26.6220
sol_map100_N19_K3_run32	0.66	552.42 	3462 	0.0000	0 	0.000000 	6.5387	19.3969
sol_map100_N19_K3_run33	12.52	496.21 	60167 	0.0000	0 	2.012203 	6.9884	23.4934
sol_map100_N19_K3_run34	7.95	536.93 	45189 	0.0000	0 	1.366348 	9.5385	25.2124
sol_map100_N19_K3_run35	8.97	538.59 	70187 	0.0000	0 	1.294017 	19.3281	31.8113
sol_map100_N19_K3_run36	1.80	545.06 	15417 	0.0000	0 	2.281769 	1.9643	20.0067
sol_map100_N19_K3_run37	4.54	557.83 	18098 	0.0000	0 	1.307862 	15.8751	28.1949
sol_map100_N19_K3_run38	3.48	534.30 	17214 	0.0000	0 	1.582791 	6.5749	23.2146
sol_map100_N19_K3_run39	4.34	554.08 	19142 	0.0000	0 	1.126891 	9.6125	24.4234
sol_map100_N19_K3_run40	1.09	586.34 	5533 	0.0000	0 	0.000000 	8.3468	23.3031
sol_map100_N19_K3_run41	0.46	568.90 	4126 	0.0000	0 	0.000000 	4.2737	20.4203
sol_map100_N19_K3_run42	0.74	556.99 	4381 	0.0000	0 	0.000000 	14.2711	24.3020
sol_map100_N19_K3_run43	2.25	533.49 	16039 	0.0000	0 	1.256307 	6.6544	23.2682
sol_map100_N19_K3_run44	5.32	545.12 	28321 	0.0000	0 	0.821009 	9.2563	24.4647
sol_map100_N19_K3_run45	4.36	543.09 	22877 	0.0000	0 	0.059696 	0.2496	18.0927
sol_map100_N19_K3_run46	2.88	548.32 	17214 	0.0000	0 	1.264223 	9.4973	25.1846
sol_map100_N19_K3_run47	8.85	545.43 	41097 	0.0000	0 	0.220670 	5.7211	21.9177
sol_map100_N19_K3_run48	2.45	540.58 	19183 	0.0000	0 	1.781594 	10.3336	25.6567
sol_map100_N19_K3_run49	1.31	579.64 	10706 	0.0000	0 	1.810557 	16.9994	30.2416
sol_map100_N19_K3_run50	1.12	548.85 	7137 	0.0000	0 	0.000000 	13.3076	25.6879
sol_map100_N21_K3_run1	0.59	554.66 	748 	0.0000	0 	2.192304 	5.7893	21.1507
sol_map100_N21_K3_run2	63.75	499.92 	332612 	0.0000	0 	0.000000 	9.8135	25.3977
sol_map100_N21_K3_run3	529.90	522.32 	2337696 	0.0000	0 	0.865113 	29.3705	38.5807
sol_map100_N21_K3_run4	735.55	551.43 	1938459 	0.0000	0 	0.000000 	36.7290	36.1984
sol_map100_N21_K3_run5	1332.61	527.75 	2401658 	0.0000	0 	0.000000 	28.0111	37.6644
sol_map100_N21_K3_run6	1055.07	530.64 	5556364 	0.0000	0 	0.000000 	7.2132	23.4369
sol_map100_N21_K3_run7	7200.01	522.33 	36735495 	0.0194	0 	0.000000 	34.8841	41.5808
sol_map100_N21_K3_run8	3779.02	533.28 	6636307 	0.0000	0 	0.000000 	33.9569	32.5857
sol_map100_N21_K3_run9	515.00	531.29 	1106624 	0.0000	0 	3.621202 	27.9732	37.6388
sol_map100_N21_K3_run10	7200.02	546.56 	37561959 	0.0306	0 	0.000000 	12.7768	23.8312
sol_map100_N21_K3_run11	357.17	522.13 	2104175 	0.0000	0 	2.816300 	23.9183	34.7704
sol_map100_N21_K3_run12	474.76	512.33 	737423 	0.0000	0 	0.000000 	12.2119	25.9516
sol_map100_N21_K3_run13	73.93	514.25 	194515 	0.0000	0 	0.000000 	16.6566	25.0635
sol_map100_N21_K3_run14	487.95	536.86 	812460 	0.0001	0 	0.000000 	23.5754	34.6744
sol_map100_N21_K3_run15	1052.40	534.54 	6171406 	0.0000	0 	0.000000 	13.6798	27.7844
sol_map100_N21_K3_run16	453.73	519.86 	2497241 	0.0000	0 	0.000000 	19.6555	32.0320
sol_map100_N21_K3_run17	946.97	549.01 	6967248 	0.0000	0 	0.000000 	16.9370	29.3106
sol_map100_N21_K3_run18	2372.59	515.67 	12149476 	0.0000	0 	0.000000 	17.5885	30.6387
sol_map100_N21_K3_run19	939.24	546.85 	1740170 	0.0000	0 	0.671961 	40.8793	41.9340
sol_map100_N21_K3_run20	278.60	554.23 	354166 	0.0000	0 	1.306685 	5.0930	20.1276
sol_map100_N21_K3_run21	32.59	527.35 	143556 	0.0000	0 	1.251028 	8.7187	24.6597
sol_map100_N21_K3_run22	4.47	531.42 	16533 	0.0000	0 	1.837854 	1.2822	19.5074
sol_map100_N21_K3_run23	6.61	561.96 	33344 	0.0000	0 	2.466407 	18.9150	31.5329
sol_map100_N21_K3_run24	20.09	544.13 	82054 	0.0000	0 	0.317652 	6.3852	19.6237
sol_map100_N21_K3_run25	181.39	526.16 	697262 	0.0000	0 	1.823342 	8.6694	24.2121
sol_map100_N21_K3_run26	65.83	547.52 	150298 	0.0000	0 	0.000000 	8.3550	22.2570
sol_map100_N21_K3_run27	0.64	574.17 	4034 	0.0000	0 	1.048960 	10.3406	24.9434
sol_map100_N21_K3_run28	91.68	518.80 	188461 	0.0000	0 	0.561366 	14.2520	27.5439
sol_map100_N21_K3_run29	1.56	548.36 	6442 	0.0000	0 	0.295105 	2.5480	20.2231
sol_map100_N21_K3_run30	1.31	539.81 	8667 	0.0000	0 	1.897642 	13.2898	27.7410
sol_map100_N21_K3_run31	0.69	572.26 	3353 	0.0000	0 	0.000000 	7.5066	21.1813
sol_map100_N21_K3_run32	9.44	536.87 	45350 	0.0000	0 	0.947674 	14.1831	28.3432
sol_map100_N21_K3_run33	2.04	518.54 	10622 	0.0000	0 	2.924942 	8.6276	24.5983
sol_map100_N21_K3_run34	6.36	537.91 	26327 	0.0000	0 	1.579643 	4.1778	21.0208
sol_map100_N21_K3_run35	0.83	562.11 	3667 	0.0000	0 	0.000000 	2.4101	16.1533
sol_map100_N21_K3_run36	6.09	549.09 	46134 	0.0000	0 	0.090459 	12.2140	26.4132
sol_map100_N21_K3_run37	5.94	551.46 	20695 	0.0000	0 	0.000000 	3.9883	21.4711
sol_map100_N21_K3_run38	20.17	536.03 	67111 	0.0000	0 	1.895146 	13.7146	27.1880
sol_map100_N21_K3_run39	4.75	525.51 	17837 	0.0000	0 	0.000000 	4.8731	21.5956
sol_map100_N21_K3_run40	5.67	528.02 	30852 	0.0000	0 	2.094285 	8.5363	23.8908
sol_map100_N21_K3_run41	1.26	612.39 	8843 	0.0000	0 	1.024074 	34.2029	39.8926
sol_map100_N21_K3_run42	107.79	529.96 	182841 	0.0000	0 	0.968607 	10.5933	24.3291
sol_map100_N21_K3_run43	1.19	538.17 	4095 	0.0000	0 	1.498702 	8.0483	20.6176
sol_map100_N21_K3_run44	17.92	515.13 	65784 	0.0000	0 	2.754971 	9.1747	22.4633
sol_map100_N21_K3_run45	1.69	545.63 	8334 	0.0000	0 	1.446469 	21.3264	31.6532
sol_map100_N21_K3_run46	6.80	546.70 	27915 	0.0000	0 	0.000000 	3.3951	18.6641
sol_map100_N21_K3_run47	5.13	533.01 	16609 	0.0000	0 	2.336446 	7.9911	22.4216
sol_map100_N21_K3_run48	9.30	515.99 	31313 	0.0000	0 	1.925394 	10.8551	25.3667
sol_map100_N21_K3_run49	87.79	528.98 	231275 	0.0000	0 	0.018761 	10.7491	26.0284
sol_map100_N21_K3_run50	30.15	526.59 	93651 	0.0000	0 	1.825727 	3.9725	20.6883
sol_map100_N23_K3_run1	780.37	510.59 	3465075 	0.0000	0 	0.000000 	1.6795	19.9140
sol_map100_N23_K3_run2	860.33	518.90 	1131165 	0.0000	0 	0.000000 	6.5326	21.8472
sol_map100_N23_K3_run3	376.43	508.77 	1803247 	0.0000	0 	1.850621 	22.1983	33.7461
sol_map100_N23_K3_run4	7200.02	529.58 	26501333 	0.0409	0 	0.000000 	47.0253	44.9835
sol_map100_N23_K3_run5	426.27	509.83 	762266 	0.0000	0 	0.000000 	19.1713	31.7056
sol_map100_N23_K3_run6	7200.04	540.91 	22679931 	0.0411	0 	0.000000 	13.3057	25.4688
sol_map100_N23_K3_run7	2006.62	514.12 	3334346 	0.0001	0 	2.692476 	23.0964	34.3514
sol_map100_N23_K3_run8	3713.43	523.18 	14239982 	0.0000	0 	0.000000 	26.2989	35.8799
sol_map100_N23_K3_run9	836.13	521.28 	2008205 	0.0000	0 	0.000000 	22.5592	31.3454
sol_map100_N23_K3_run10	7200.02	518.62 	18423285 	0.0208	0 	0.000000 	30.4338	36.4235
sol_map100_N23_K3_run11	1935.68	523.12 	5365235 	0.0001	0 	1.733952 	31.8473	37.3226
sol_map100_N23_K3_run12	3174.04	558.32 	20661975 	0.0000	0 	0.000000 	28.1606	34.3495
sol_map100_N23_K3_run13	6268.04	506.96 	51381921 	0.0000	0 	0.000000 	17.7551	30.7510
sol_map100_N23_K3_run14	3843.29	530.14 	26367415 	0.0001	0 	1.250167 	19.6456	32.0253
sol_map100_N23_K3_run15	7200.01	536.45 	15603032 	0.0600	0 	0.835507 	40.8283	46.3042
sol_map100_N23_K3_run16	695.62	513.43 	4517875 	0.0000	0 	0.000000 	7.5618	23.8499
sol_map100_N23_K3_run17	238.92	509.13 	479726 	0.0000	0 	0.000000 	23.9586	34.1519
sol_map100_N23_K3_run18	7200.01	521.27 	11071156 	0.0360	0 	0.856100 	15.0389	28.9200
sol_map100_N23_K3_run19	922.19	521.29 	2002628 	0.0000	0 	0.389210 	16.0446	29.2000
sol_map100_N23_K3_run20	1866.84	596.74 	3711774 	0.0000	0 	0.000000 	71.7146	44.3967
sol_map100_N23_K3_run21	82.99	523.13 	284298 	0.0000	0 	1.029541 	10.3038	25.7282
sol_map100_N23_K3_run22	7.78	583.72 	140850 	0.0000	0 	0.155607 	39.7588	32.3210
sol_map100_N23_K3_run23	37.19	531.85 	121938 	0.0000	0 	1.969851 	8.3928	24.2169
sol_map100_N23_K3_run24	4.87	523.72 	23428 	0.0000	0 	0.957345 	7.3199	22.5454
sol_map100_N23_K3_run25	306.49	520.57 	1350288 	0.0000	0 	1.415372 	10.4789	23.8967
sol_map100_N23_K3_run26	4.53	555.14 	58459 	0.0000	0 	1.634196 	15.5439	27.3689
sol_map100_N23_K3_run27	29.16	541.03 	106984 	0.0000	0 	1.702389 	10.8817	25.4605
sol_map100_N23_K3_run28	46.15	524.68 	198134 	0.0000	0 	0.278370 	4.3465	21.1336
sol_map100_N23_K3_run29	4.74	540.24 	35001 	0.0000	0 	1.480832 	6.4911	21.6374
sol_map100_N23_K3_run30	2.56	551.62 	34981 	0.0000	0 	1.452401 	12.0131	25.9670
sol_map100_N23_K3_run31	18.94	541.51 	144499 	0.0000	0 	1.641129 	22.7229	33.9928
sol_map100_N23_K3_run32	100.08	533.17 	417946 	0.0000	0 	3.301999 	6.7302	23.3193
sol_map100_N23_K3_run33	22.59	535.11 	186698 	0.0000	0 	1.880946 	19.0015	31.5912
sol_map100_N23_K3_run34	10.58	521.56 	80651 	0.0000	0 	1.155647 	14.5029	27.0093
sol_map100_N23_K3_run35	167.45	520.22 	615521 	0.0000	0 	2.005010 	11.7591	26.0004
sol_map100_N23_K3_run36	6.81	537.22 	64595 	0.0000	0 	2.054693 	16.2454	29.7333
sol_map100_N23_K3_run37	70.51	511.24 	243787 	0.0000	0 	1.871459 	10.8235	24.4320
sol_map100_N23_K3_run38	22.36	507.57 	113515 	0.0000	0 	1.441546 	12.8797	27.4646
sol_map100_N23_K3_run39	5.64	535.34 	41845 	0.0000	0 	1.321225 	3.7674	21.1051
sol_map100_N23_K3_run40	20.99	541.89 	143706 	0.0000	0 	1.774515 	9.2847	24.7810
sol_map100_N23_K3_run41	50.06	521.91 	138015 	0.0000	0 	1.654632 	17.4017	30.5128
sol_map100_N23_K3_run42	2.50	544.52 	43183 	0.0000	0 	0.952200 	9.0222	24.8643
sol_map100_N23_K3_run43	16.83	524.26 	126234 	0.0000	0 	1.288025 	8.0525	23.1668
sol_map100_N23_K3_run44	65.13	520.33 	361038 	0.0000	0 	2.084403 	12.5492	26.8039
sol_map100_N23_K3_run45	46.85	549.90 	297968 	0.0000	0 	3.602497 	23.7671	34.8036
sol_map100_N23_K3_run46	14.30	514.80 	88583 	0.0000	0 	0.442908 	3.7445	20.8968
sol_map100_N23_K3_run47	11.85	553.11 	75717 	0.0000	0 	0.351637 	8.7441	24.6768
sol_map100_N23_K3_run48	15.24	518.85 	114403 	0.0000	0 	0.012735 	15.1147	28.4678
sol_map100_N23_K3_run49	3.50	548.11 	32410 	0.0000	0 	1.847502 	23.7507	34.7925
sol_map100_N23_K3_run50	4.41	535.25 	41221 	0.0000	0 	1.864487 	14.1082	24.9120
